collection_type,region_name,creek,site_name,site_e_dna_data_file,new_site,minnow_site,zone,easting,northing,date_raw,year,s_code,geom,date
ground,CK,Beaverly,Above HWY 16,BE02,BE02,n/a,10,502369,5962478,No sample,2023,1,"c(1199391.16359383, 982777.227921251)",NA
ground,CK,Beaverly,Above HWY 19,BE02,BE02,NA,10,502369,5962478,45155,2023,2,"c(1199391.16359383, 982777.227921251)",2023-08-17
ground,CK,Beaverly,Above HWY 23,BE02,BE02,NA,10,502369,5962478,No sample,2023,3,"c(1199391.16359383, 982777.227921251)",NA
riverboat,NKPG,Breeze,Near confluence with Nechako,BZ01,BZ00,n/a,10,493379,5971104,45119,2023,1,"c(1190063.23365263, 991042.146460756)",2023-07-12
riverboat,NKPG,Breeze,Near confluence with Nechako,BZ01,BZ00,NA,10,493379,5971104,no sample,2023,2,"c(1190063.23365263, 991042.146460756)",NA
riverboat,NKPG,Breeze,Near confluence with Nechako,BZ01,BZ00,NA,10,493379,5971104,45159,2023,3,"c(1190063.23365263, 991042.146460756)",2023-08-21
ground,CK,Butcherflats Creek,Near confluence with Chilako,BU01,BU01,n/a,10,474508,5928682,No sample,2023,1,"c(1173052.98423497, 947730.877216592)",NA
ground,CK,Butcherflats Creek,Near confluence with Chilako,BU01,BU01,NA,10,474508,5928682,45155,2023,2,"c(1173052.98423497, 947730.877216592)",2023-08-17
ground,CK,Butcherflats Creek,Near confluence with Chilako,BU01,BU01,NA,10,474508,5928682,No sample,2023,3,"c(1173052.98423497, 947730.877216592)",NA
ground,CK,Chehischic,8 K from Chilako,CH08,CH08,n/a,10,497678,5931882,No sample,2023,1,"c(1196015.07325105, 951916.981161573)",NA
ground,CK,Chehischic,8 K from Chilako,CH08,CH08,NA,10,497678,5931882,45155,2023,2,"c(1196015.07325105, 951916.981161573)",2023-08-17
ground,CK,Chehischic,8 K from Chilako,CH08,CH08,NA,10,497678,5931882,No sample,2023,3,"c(1196015.07325105, 951916.981161573)",NA
riverboat,NKPG,Chilako,Near confluence with Nechako,CK01,CK00,n/a,10,501516,5970812,45119,2023,1,"c(1198186.68807292, 991093.453757642)",2023-07-12
riverboat,NKPG,Chilako,Near confluence with Nechako,CK01,CK00,NA,10,501516,5970812,no sample,2023,2,"c(1198186.68807292, 991093.453757642)",NA
riverboat,NKPG,Chilako,Near confluence with Nechako,CK01,CK00,NA,10,501516,5970812,45159,2023,3,"c(1198186.68807292, 991093.453757642)",2023-08-21
ground,CK,Chilako unkn Trib 1,Near confluence with Chilako,CK-un1,CK53 UNK1,n/a,10,489113,5935593,No sample,2023,1,"c(1187319.1268129, 955273.830239962)",NA
ground,CK,Chilako unkn Trib 1,Near confluence with Chilako,CK-un1,CK53 UNK1,NA,10,489113,5935593,45155,2023,2,"c(1187319.1268129, 955273.830239962)",2023-08-17
ground,CK,Chilako unkn Trib 1,Near confluence with Chilako,CK-un1,CK53 UNK1,NA,10,489113,5935593,No sample,2023,3,"c(1187319.1268129, 955273.830239962)",NA
ground,CK,Chilako unkn Trib 2,Beaver dam complex,CK-un2,CK-un2,n/a,10,483477,5932167,No sample,2023,1,"c(1181846.1668469, 951602.323904375)",NA
ground,CK,Chilako unkn Trib 2,Beaver dam complex,CK-un2,CK-un2,NA,10,483477,5932167,45155,2023,2,"c(1181846.1668469, 951602.323904375)",2023-08-17
ground,CK,Chilako unkn Trib 2,Beaver dam complex,CK-un2,CK-un2,NA,10,483477,5932167,No sample,2023,3,"c(1181846.1668469, 951602.323904375)",NA
riverboat,NKPG,Chulculz,Near confluence with Nechako,CZ01,CZ00,n/a,10,458827,5982059,45119,2023,1,"c(1155156.83933856, 1000560.07726126)",2023-07-12
riverboat,NKPG,Chulculz,Near confluence with Nechako,CZ01,CZ00,NA,10,458827,5982059,no sample,2023,2,"c(1155156.83933856, 1000560.07726126)",NA
riverboat,NKPG,Chulculz,Near confluence with Nechako,CZ01,CZ00,NA,10,458827,5982059,45159,2023,3,"c(1155156.83933856, 1000560.07726126)",2023-08-21
ground,VF,Clear,Bevans,CL01 ,CL01,CL01 ,10,424903,5991584,44035,2020,1,"c(1120939.14279881, 1008669.73746751)",2020-07-23
ground,VF,Clear,Bevans,CL01 ,CL01,CL01 ,10,424903,5991584,44069,2020,2,"c(1120939.14279881, 1008669.73746751)",2020-08-26
ground,VF,Clear,Bevans,CL01 ,CL01,CL01 ,10,424903,5991584,44107,2020,3,"c(1120939.14279881, 1008669.73746751)",2020-10-03
ground,VF,Clear,Bevans,CL01 ,CL01,CL01 ,10,424903,5991584,44135,2020,4,"c(1120939.14279881, 1008669.73746751)",2020-10-31
ground,VF,Clear,Bevans,CL01 ,CL01,CL01 ,10,424903,5991584,44375,2021,1,"c(1120939.14279881, 1008669.73746751)",2021-06-28
ground,VF,Clear,Bevans,CL01 ,CL01,CL01 ,10,424903,5991584,44399,2021,2,"c(1120939.14279881, 1008669.73746751)",2021-07-22
ground,VF,Clear,Bevans,CL01 ,CL01,CL01 ,10,424903,5991584,44434,2021,3,"c(1120939.14279881, 1008669.73746751)",2021-08-26
ground,VF,Clear,Below BD,CL02,CL02,CL02,10,426820,5994465,44375,2021,1,"c(1122727.63545818, 1011638.17563075)",2021-06-28
ground,VF,Clear,Below BD,CL02,CL02,CL02,10,426820,5994465,44399,2021,2,"c(1122727.63545818, 1011638.17563075)",2021-07-22
ground,VF,Clear,Below BD,CL02,CL02,CL02,10,426820,5994465,44434,2021,3,"c(1122727.63545818, 1011638.17563075)",2021-08-26
ground,VF,Clear,In BD pond,CL03,CL02.1,CL02.1,10,426875,5994534,44375,2021,1,"c(1122779.52757982, 1011709.65505189)",2021-06-28
ground,VF,Clear,In BD pond,CL03,CL02.1,CL02.1,10,426875,5994534,44399,2021,2,"c(1122779.52757982, 1011709.65505189)",2021-07-22
ground,VF,Clear,In BD pond,CL03,CL02.1,CL02.1,10,426875,5994534,44434,2021,3,"c(1122779.52757982, 1011709.65505189)",2021-08-26
ground,VF,Clear,Bevans,CL01,CL01,NA,10,433070,5987471,44756,2022,1,"c(1129253.82798501, 1004893.71768706)",2022-07-14
ground,VF,Clear,Bevans,CL01,CL01,NA,10,433070,5987471,44791,2022,2,"c(1129253.82798501, 1004893.71768706)",2022-08-18
ground,VF,Clear,Bevans,CL01,CL01,NA,10,433070,5987471,44830,2022,3,"c(1129253.82798501, 1004893.71768706)",2022-09-26
ground,VF,Clear,Bevans,CL01,CL01,NA,10,433070,5987471,45112,2023,1,"c(1129253.82798501, 1004893.71768706)",2023-07-05
ground,VF,Clear,Bevans,CL01,CL01,NA,10,433070,5987471,45133,2023,2,"c(1129253.82798501, 1004893.71768706)",2023-07-26
ground,VF,Clear,Bevans,CL01,CL01,NA,10,433070,5987471,45166,2023,3,"c(1129253.82798501, 1004893.71768706)",2023-08-28
ground,VF,Clear,Below BD,CL02,CL02,NA,10,426820,5994465,45112,2023,1,"c(1122727.63545818, 1011638.17563075)",2023-07-05
ground,VF,Clear,Below BD,CL02,CL02,NA,10,426820,5994465,45133,2023,2,"c(1122727.63545818, 1011638.17563075)",2023-07-26
ground,VF,Clear,Below BD,CL02,CL02,NA,10,426820,5994465,45166,2023,3,"c(1122727.63545818, 1011638.17563075)",2023-08-28
ground,VF,Clear,below culverts,CL03,CL03,NA,10,427770,5994448,45112,2023,1,"c(1123675.234666, 1011661.38287565)",2023-07-05
ground,VF,Clear,below culverts,CL03,CL03,NA,10,427770,5994448,45133,2023,2,"c(1123675.234666, 1011661.38287565)",2023-07-26
ground,VF,Clear,below culverts,CL03,CL03,NA,10,427770,5994448,45166,2023,3,"c(1123675.234666, 1011661.38287565)",2023-08-28
ground,VF,Clear,above culverts,CL04,CL04,NA,10,427949,5994477,45112,2023,1,"c(1123852.41634566, 1011698.02845234)",2023-07-05
ground,VF,Clear,above culverts,CL04,CL04,NA,10,427949,5994477,45133,2023,2,"c(1123852.41634566, 1011698.02845234)",2023-07-26
ground,VF,Clear,above culverts,CL04,CL04,NA,10,427949,5994477,45166,2023,3,"c(1123852.41634566, 1011698.02845234)",2023-08-28
ground,UN,Cutoff,Initial walk-in -below BDs,CT01 ,CT00,CT01 ,10,383485,5953075,44033,2020,1,"c(1081288.49759, 968326.860626299)",2020-07-21
ground,UN,Cutoff,Initial walk-in -below BDs,CT01 ,CT00,CT01 ,10,383485,5953075,44071,2020,2,"c(1081288.49759, 968326.860626299)",2020-08-28
ground,UN,Cutoff,Initial walk-in -below BDs,CT01 ,CT00,CT01 ,10,383485,5953075,44110,2020,3,"c(1081288.49759, 968326.860626299)",2020-10-06
ground,UN,Cutoff,Initial walk-in -below BDs,CT01 ,CT00,CT01 ,10,383485,5953075,44138,2020,4,"c(1081288.49759, 968326.860626299)",2020-11-03
ground,UN,Cutoff,At KDR,CT03,CT02,NA,10,381734,5951361,No sample,2022,1,"c(1079615.73144742, 966535.373733228)",NA
ground,UN,Cutoff,At KDR,CT03,CT02,NA,10,381734,5951361,No sample,2022,2,"c(1079615.73144742, 966535.373733228)",NA
ground,UN,Cutoff,At KDR,CT03,CT02,NA,10,381734,5951361,44823,2022,3,"c(1079615.73144742, 966535.373733228)",2022-09-19
riverboat,NKUN,Cutoff,Near confluence with Nechako,CT00,CT01 ,NA,10,383307,5952617,no sample,2023,1,"c(1081130.44163339, 967860.413810608)",NA
riverboat,NKUN,Cutoff,Near confluence with Nechako,CT00,CT01 ,NA,10,383307,5952617,no sample,2023,2,"c(1081130.44163339, 967860.413810608)",NA
riverboat,NKUN,Cutoff,Near confluence with Nechako,CT00,CT01 ,NA,10,383307,5952617,45162,2023,3,"c(1081130.44163339, 967860.413810608)",2023-08-24
ground,UN,Cutoff,At KDR,CT01,CT02,NA,10,381421,5951953,no sample,2023,1,"c(1079278.75974601, 967115.3185505)",NA
ground,UN,Cutoff,At KDR,CT01,CT02,NA,10,381421,5951953,No sample,2023,2,"c(1079278.75974601, 967115.3185505)",NA
ground,UN,Cutoff,At KDR,CT01,CT02,NA,10,381421,5951953,45162,2023,3,"c(1079278.75974601, 967115.3185505)",2023-08-24
ground,CK,Dahl,Near confluence with Chilako,DH01,DH01,n/a,10,490361,5950608,No sample,2023,1,"c(1187925.50060663, 970373.826017793)",NA
ground,CK,Dahl,Near confluence with Chilako,DH01,DH01,NA,10,490361,5950608,45155,2023,2,"c(1187925.50060663, 970373.826017793)",2023-08-17
ground,CK,Dahl,Near confluence with Chilako,DH01,DH01,NA,10,490361,5950608,No sample,2023,3,"c(1187925.50060663, 970373.826017793)",NA
ground,FF,Dog,Below DC FSR,DC01,DC01,DC01,10,398897,5996322,44355,2021,1,"c(1094818.48439174, 1012315.70237036)",2021-06-08
ground,FF,Dog,Below DC FSR,DC01,DC01,DC01,10,398897,5996322,44399,2021,2,"c(1094818.48439174, 1012315.70237036)",2021-07-22
ground,FF,Dog,Below DC FSR,DC01,DC01,DC01,10,398897,5996322,44434,2021,3,"c(1094818.48439174, 1012315.70237036)",2021-08-26
ground,FF,Dog,Below DC FSR,DC01,DC01,DC01,10,398897,5996322,44763,2022,1,"c(1094818.48439174, 1012315.70237036)",2022-07-21
ground,FF,Dog,Below DC FSR,DC01,DC01,DC01,10,398897,5996322,44797,2022,2,"c(1094818.48439174, 1012315.70237036)",2022-08-24
ground,FF,Dog,Below DC FSR,DC01,DC01,DC01,10,398897,5996322,44831,2022,3,"c(1094818.48439174, 1012315.70237036)",2022-09-27
ground,FF,Dog,Above DC FSR,DC02,DC02,DC02,10,398932,5996382,No sample,2022,1,"c(1094850.82348784, 1012377.31289515)",NA
ground,FF,Dog,Above DC FSR,DC02,DC02,DC02,10,398932,5996382,44797,2022,2,"c(1094850.82348784, 1012377.31289515)",2022-08-24
ground,FF,Dog,Above DC FSR,DC02,DC02,DC02,10,398932,5996382,No sample,2022,3,"c(1094850.82348784, 1012377.31289515)",NA
ground,FF,Dog,Below DC FSR,DC01,DC01,DC01,10,398897,5996322,45111,2023,1,"c(1094818.48439174, 1012315.70237036)",2023-07-04
ground,FF,Dog,Below DC FSR,DC01,DC01,DC01,10,398897,5996322,45132,2023,2,"c(1094818.48439174, 1012315.70237036)",2023-07-25
ground,FF,Dog,Below DC FSR,DC01,DC01,DC01,10,398897,5996322,45169,2023,3,"c(1094818.48439174, 1012315.70237036)",2023-08-31
ground,VF,Eden (clear trib),East fork of Clear,EN01,EN01,NA,10,427720,5994373,45112,2023,1,"c(1123628.58061464, 1011584.10222181)",2023-07-05
ground,VF,Eden (clear trib),East fork of Clear,EN01,EN01,NA,10,427720,5994373,45133,2023,2,"c(1123628.58061464, 1011584.10222181)",2023-07-26
ground,VF,Eden (clear trib),East fork of Clear,EN01,EN01,NA,10,427720,5994373,45166,2023,3,"c(1123628.58061464, 1011584.10222181)",2023-08-28
ground,END,Endako,Endako mainstem,ED13,ED13,NA,10,368602,5994506,No sample,2023,1,"c(1064703.08947712, 1009210.88469743)",NA
ground,END,Endako,Endako mainstem,ED13,ED13,NA,10,368602,5994506,45153,2023,2,"c(1064703.08947712, 1009210.88469743)",2023-08-15
ground,END,Endako,Endako mainstem,ED13,ED13,NA,10,368602,5994506,No sample,2023,3,"c(1064703.08947712, 1009210.88469743)",NA
ground,END,Endako,Endako mainstem,ED18,ED18,NA,10,366081,5995137,No sample,2023,1,"c(1062164.02605293, 1009736.17294731)",NA
ground,END,Endako,Endako mainstem,ED18,ED18,NA,10,366081,5995137,45153,2023,2,"c(1062164.02605293, 1009736.17294731)",2023-08-15
ground,END,Endako,Endako mainstem,ED18,ED18,NA,10,366081,5995137,No sample,2023,3,"c(1062164.02605293, 1009736.17294731)",NA
ground,END,Endako,Endako mainstem,ED22,ED22,NA,10,363740,5995069,No sample,2023,1,"c(1059833.96937285, 1009568.68366955)",NA
ground,END,Endako,Endako mainstem,ED22,ED22,NA,10,363740,5995069,45153,2023,2,"c(1059833.96937285, 1009568.68366955)",2023-08-15
ground,END,Endako,Endako mainstem,ED22,ED22,NA,10,363740,5995069,No sample,2023,3,"c(1059833.96937285, 1009568.68366955)",NA
ground,END,Endako,Endako mainstem,ED26,ED26,NA,10,361870,5995530,No sample,2023,1,"c(1057950.8997663, 1009951.2358596)",NA
ground,END,Endako,Endako mainstem,ED26,ED26,NA,10,361870,5995530,45153,2023,2,"c(1057950.8997663, 1009951.2358596)",2023-08-15
ground,END,Endako,Endako mainstem,ED26,ED26,NA,10,361870,5995530,No sample,2023,3,"c(1057950.8997663, 1009951.2358596)",NA
ground,END,Endako,Endako mainstem,ED52,ED52,NA,10,350537,6000109,45113,2023,1,"c(1046463.37198613, 1014058.08819896)",2023-07-06
ground,END,Endako,Endako mainstem,ED52,ED52,NA,10,350537,6000109,No sample,2023,2,"c(1046463.37198613, 1014058.08819896)",NA
ground,END,Endako,Endako mainstem,ED52,ED52,NA,10,350537,6000109,No sample,2023,3,"c(1046463.37198613, 1014058.08819896)",NA
ground,END,Endako,Endako mainstem,ED54,ED54,NA,10,350582,6001067,45113,2023,1,"c(1046467.63749274, 1015019.87687904)",2023-07-06
ground,END,Endako,Endako mainstem,ED54,ED54,NA,10,350582,6001067,No sample,2023,2,"c(1046467.63749274, 1015019.87687904)",NA
ground,END,Endako,Endako mainstem,ED54,ED54,NA,10,350582,6001067,No sample,2023,3,"c(1046467.63749274, 1015019.87687904)",NA
ground,END,Endako,Endako mainstem,ED55,ED55,NA,10,349920,6001731,45113,2023,1,"c(1045779.82960168, 1015657.05513573)",2023-07-06
ground,END,Endako,Endako mainstem,ED55,ED55,NA,10,349920,6001731,No sample,2023,2,"c(1045779.82960168, 1015657.05513573)",NA
ground,END,Endako,Endako mainstem,ED55,ED55,NA,10,349920,6001731,No sample,2023,3,"c(1045779.82960168, 1015657.05513573)",NA
ground,END,Endako,Endako mainstem,ED66,ED66,NA,10,346334,6001388,No sample,2023,1,"c(1042220.94387067, 1015161.03661162)",NA
ground,END,Endako,Endako mainstem,ED66,ED66,NA,10,346334,6001388,45153,2023,2,"c(1042220.94387067, 1015161.03661162)",2023-08-15
ground,END,Endako,Endako mainstem,ED66,ED66,NA,10,346334,6001388,No sample,2023,3,"c(1042220.94387067, 1015161.03661162)",NA
ground,END,Endako,Endako mainstem,ED66.1,ED66.1,NA,10,345657,6001241,No sample,2023,1,"c(1041552.5511039, 1014984.98779352)",NA
ground,END,Endako,Endako mainstem,ED66.1,ED66.1,NA,10,345657,6001241,45153,2023,2,"c(1041552.5511039, 1014984.98779352)",2023-08-15
ground,END,Endako,Endako mainstem,ED66.1,ED66.1,NA,10,345657,6001241,No sample,2023,3,"c(1041552.5511039, 1014984.98779352)",NA
riverboat,NKVF,Engen,Near confluence with Nechako,EG01,EG00,NA,10,414493,5992470,45119,2023,1,"c(1110525.89935438, 1009116.60245658)",2023-07-12
riverboat,NKVF,Engen,Near confluence with Nechako,EG01,EG00,NA,10,414493,5992470,no sample,2023,2,"c(1110525.89935438, 1009116.60245658)",NA
riverboat,NKVF,Engen,Near confluence with Nechako,EG01,EG00,NA,10,414493,5992470,no sample,2023,3,"c(1110525.89935438, 1009116.60245658)",NA
ground,UN,Greer,Kenney Dam Rd,GR01 ,GR01 ,GR01,10,393567,5959923,44033,2020,1,"c(1091047.5886168, 975615.251572283)",2020-07-21
ground,UN,Greer,Kenney Dam Rd,GR01 ,GR01 ,GR01,10,393567,5959923,44071,2020,2,"c(1091047.5886168, 975615.251572283)",2020-08-28
ground,UN,Greer,Kenney Dam Rd,GR01 ,GR01 ,GR01,10,393567,5959923,44110,2020,3,"c(1091047.5886168, 975615.251572283)",2020-10-06
ground,UN,Greer,Kenney Dam Rd,GR01 ,GR01 ,GR01,10,393567,5959923,44138,2020,4,"c(1091047.5886168, 975615.251572283)",2020-11-03
ground,UN,Greer,Kenney Dam Rd,GR01,GR01,GR01,10,393567,5959923,44357,2021,1,"c(1091047.5886168, 975615.251572283)",2021-06-10
ground,UN,Greer,Kenney Dam Rd,GR01,GR01,GR01,10,393567,5959923,NA,2021,2,"c(1091047.5886168, 975615.251572283)",NA
ground,UN,Greer,Kenney Dam Rd,GR01,GR01,GR01,10,393567,5959923,44425,2021,3,"c(1091047.5886168, 975615.251572283)",2021-08-17
ground,UN,Greer,Long walk down,GR02,GR02,GR02,10,395379,5961172,44357,2021,1,"c(1092800.76766141, 976943.484185466)",2021-06-10
ground,UN,Greer,Long walk down,GR02,GR02,GR02,10,395379,5961172,NA,2021,2,"c(1092800.76766141, 976943.484185466)",NA
ground,UN,Greer,Long walk down,GR02,GR02,GR02,10,395379,5961172,44425,2021,3,"c(1092800.76766141, 976943.484185466)",2021-08-17
ground,UN,Greer,Kenney Dam Rd,GR01,GR01,NA,10,393567,5959923,44741,2022,1,"c(1091047.5886168, 975615.251572283)",2022-06-29
ground,UN,Greer,Kenney Dam Rd,GR01,GR01,NA,10,393567,5959923,No sample,2022,2,"c(1091047.5886168, 975615.251572283)",NA
ground,UN,Greer,Kenney Dam Rd,GR01,GR01,NA,10,393567,5959923,44823,2022,3,"c(1091047.5886168, 975615.251572283)",2022-09-19
ground,UN,Greer,Dan Brooks place,GR03,GR03,NA,10,399801,5964678,No sample,2022,1,"c(1097059.82302911, 980643.845444453)",NA
ground,UN,Greer,Dan Brooks place,GR03,GR03,NA,10,399801,5964678,No sample,2022,2,"c(1097059.82302911, 980643.845444453)",NA
ground,UN,Greer,Dan Brooks place,GR03,GR03,NA,10,399801,5964678,44823,2022,3,"c(1097059.82302911, 980643.845444453)",2022-09-19
ground,UN,Greer,Kenney Dam Rd,GR01,GR01,NA,10,393567,5959923,45119,2023,1,"c(1091047.5886168, 975615.251572283)",2023-07-12
ground,UN,Greer,Kenney Dam Rd,GR01,GR01,NA,10,393567,5959923,45148,2023,2,"c(1091047.5886168, 975615.251572283)",2023-08-10
ground,UN,Greer,Kenney Dam Rd,GR01,GR01,NA,10,393567,5959923,45178,2023,3,"c(1091047.5886168, 975615.251572283)",2023-09-09
ground,UN,Greer,Dan Brooks place,GR03,GR03,NA,10,399801,5964678,45119,2023,1,"c(1097059.82302911, 980643.845444453)",2023-07-12
ground,UN,Greer,Dan Brooks place,GR03,GR03,NA,10,399801,5964678,45148,2023,2,"c(1097059.82302911, 980643.845444453)",2023-08-10
ground,UN,Greer,Dan Brooks place,GR03,GR03,NA,10,399801,5964678,45178,2023,3,"c(1097059.82302911, 980643.845444453)",2023-09-09
ground,CK,Gregg,Above Pelican FSF,GG05,GG05,n/a,10,485807,5939702,No sample,2023,1,"c(1183848.976236, 959251.85882887)",NA
ground,CK,Gregg,Above Pelican FSF,GG05,GG05,NA,10,485807,5939702,45155,2023,2,"c(1183848.976236, 959251.85882887)",2023-08-17
ground,CK,Gregg,Above Pelican FSF,GG05,GG05,NA,10,485807,5939702,No sample,2023,3,"c(1183848.976236, 959251.85882887)",NA
riverboat,NKVF,Halsey,Near confluence with Nechako,HY01,HY00,NA,10,411493,5998273,no sample,2023,1,"c(1107289.75016577, 1014804.87095172)",NA
riverboat,NKVF,Halsey,Near confluence with Nechako,HY01,HY00,NA,10,411493,5998273,no sample,2023,2,"c(1107289.75016577, 1014804.87095172)",NA
riverboat,NKVF,Halsey,Near confluence with Nechako,HY01,HY00,NA,10,411493,5998273,45160,2023,3,"c(1107289.75016577, 1014804.87095172)",2023-08-22
riverboat,NKPG,Hullat,Near confluence with Nechako,HL01,HL00,NA,10,453025,5980068,no sample,2023,1,"c(1149458.06653872, 998319.222594287)",NA
riverboat,NKPG,Hullat,Near confluence with Nechako,HL01,HL00,NA,10,453025,5980068,no sample,2023,2,"c(1149458.06653872, 998319.222594287)",NA
riverboat,NKPG,Hullat,Near confluence with Nechako,HL01,HL00,NA,10,453025,5980068,45159,2023,3,"c(1149458.06653872, 998319.222594287)",2023-08-21
riverboat,NKPG,Hutchenson HW01 (301),Near confluence with Nechako,HN01,HN00,n/a,10,477266,5980204,45119,2023,1,"c(1173615.26063278, 999480.946992385)",2023-07-12
riverboat,NKPG,Hutchenson HW01 (301),Near confluence with Nechako,HN01,HN00,NA,10,477266,5980204,no sample,2023,2,"c(1173615.26063278, 999480.946992385)",NA
riverboat,NKPG,Hutchenson HW01 (301),Near confluence with Nechako,HN01,HN00,NA,10,477266,5980204,45159,2023,3,"c(1173615.26063278, 999480.946992385)",2023-08-21
riverboat,NKVF,Kluk,Near confluence with Nechako,KK01,KK00,NA,10,409922,5998515,45119,2023,1,"c(1105713.70733754, 1014980.79069817)",2023-07-12
riverboat,NKVF,Kluk,Near confluence with Nechako,KK01,KK00,NA,10,409922,5998515,no sample,2023,2,"c(1105713.70733754, 1014980.79069817)",NA
riverboat,NKVF,Kluk,Near confluence with Nechako,KK01,KK00,NA,10,409926,5998546,45160,2023,3,"c(1105716.37927337, 1015012.02646995)",2023-08-22
ground,VF,Knight,Jack Thompson / Above Sackner road,KN01 ,KN01,KN01 ,10,438125,5986315,44034,2020,1,"c(1134341.36748321, 1003949.23247455)",2020-07-22
ground,VF,Knight,Jack Thompson / Above Sackner road,KN01 ,KN01,KN01 ,10,438125,5986315,44069,2020,2,"c(1134341.36748321, 1003949.23247455)",2020-08-26
ground,VF,Knight,Jack Thompson / Above Sackner road,KN01 ,KN01,KN01 ,10,438125,5986315,44107,2020,3,"c(1134341.36748321, 1003949.23247455)",2020-10-03
ground,VF,Knight,Jack Thompson / Above Sackner road,KN01 ,KN01,KN01 ,10,438125,5986315,44135,2020,4,"c(1134341.36748321, 1003949.23247455)",2020-10-31
ground,VF,Knight,Jack Thompson / Above Sackner road,KN01 ,KN01,KN01 ,10,438125,5986315,44376,2021,1,"c(1134341.36748321, 1003949.23247455)",2021-06-29
ground,VF,Knight,Jack Thompson / Above Sackner road,KN01 ,KN01,KN01 ,10,438125,5986315,44398,2021,2,"c(1134341.36748321, 1003949.23247455)",2021-07-21
ground,VF,Knight,Jack Thompson / Above Sackner road,KN01 ,KN01,KN01 ,10,438125,5986315,44432,2021,3,"c(1134341.36748321, 1003949.23247455)",2021-08-24
ground,VF,Knight,Jack Thompson / Above Sackner road,KN01,KN01,KN01,10,438118,5986317,44756,2022,1,"c(1134334.30545237, 1003950.94047527)",2022-07-14
ground,VF,Knight,Jack Thompson / Above Sackner road,KN01,KN01,NA,10,438118,5986317,No sample,2022,2,"c(1134334.30545237, 1003950.94047527)",NA
ground,VF,Knight,Jack Thompson / Above Sackner road,KN01,KN01,NA,10,438118,5986317,No sample,2022,3,"c(1134334.30545237, 1003950.94047527)",NA
ground,VF,Knight,Jack Thompson / Above Sackner road,KN01,KN01,NA,10,438118,5986317,45111,2023,1,"c(1134334.30545237, 1003950.94047527)",2023-07-04
ground,VF,Knight,Jack Thompson / Above Sackner road,KN01,KN01,NA,10,438118,5986317,No sample,2023,2,"c(1134334.30545237, 1003950.94047527)",NA
ground,VF,Knight,Jack Thompson / Above Sackner road,KN01,KN01,NA,10,438118,5986317,No sample,2023,3,"c(1134334.30545237, 1003950.94047527)",NA
ground,VF,Moss,Below bridge,MS01 ,MS01 ,NA,10,422696,5992331,No sample,2021,1,"c(1118707.72061561, 1009324.85681756)",NA
ground,VF,Moss,Below bridge,MS01 ,MS01 ,NA,10,422696,5992331,No sample,2021,2,"c(1118707.72061561, 1009324.85681756)",NA
ground,VF,Moss,Below bridge,MS01 ,MS01 ,NA,10,422696,5992331,44432,2021,3,"c(1118707.72061561, 1009324.85681756)",2021-08-24
ground,VF,Moss,Above bridge,MS02 ,MS02 ,NA,10,422717,5992335,44355,2021,1,"c(1118728.48182496, 1009329.75508542)",2021-06-08
ground,VF,Moss,Above bridge,MS02 ,MS02 ,NA,10,422717,5992335,44397,2021,2,"c(1118728.48182496, 1009329.75508542)",2021-07-20
ground,VF,Moss,Above bridge,MS02 ,MS02 ,NA,10,422717,5992335,44432,2021,3,"c(1118728.48182496, 1009329.75508542)",2021-08-24
ground,VF,Moss,Either above or below bridge,MO01 - MS,MS02 ,MS 02,10,422717,5992335,44763,2022,1,"c(1118728.48182496, 1009329.75508542)",2022-07-21
ground,VF,Moss,Either above or below bridge,MO01 - MS,MS02 ,MS 02,10,422717,5992335,44797,2022,2,"c(1118728.48182496, 1009329.75508542)",2022-08-24
ground,VF,Moss,Either above or below bridge,MO01 - MS,MS02 ,MS 02,10,422717,5992335,44830,2022,3,"c(1118728.48182496, 1009329.75508542)",2022-09-26
ground,VF,Moss,Above bridge,MS01 - MO,MS02 ,NA,10,422717,5992335,45112,2023,1,"c(1118728.48182496, 1009329.75508542)",2023-07-05
ground,VF,Moss,Above bridge,MS01 - MO,MS02 ,NA,10,422717,5992335,45133,2023,2,"c(1118728.48182496, 1009329.75508542)",2023-07-26
ground,VF,Moss,Above bridge,MS01 - MO,MS02 ,NA,10,422717,5992335,45166,2023,3,"c(1118728.48182496, 1009329.75508542)",2023-08-28
ground,VF,Murray,Silver,MU01,MU01,NA,10,433070,5987471,44035,2020,1,"c(1129253.82798501, 1004893.71768706)",2020-07-23
ground,VF,Murray,Silver,MU01,MU01,NA,10,433070,5987471,44069,2020,2,"c(1129253.82798501, 1004893.71768706)",2020-08-26
ground,VF,Murray,Silver,MU01,MU01,NA,10,433070,5987471,44107,2020,3,"c(1129253.82798501, 1004893.71768706)",2020-10-03
ground,VF,Murray,Silver,MU01,MU01,NA,10,433070,5987471,44135,2020,4,"c(1129253.82798501, 1004893.71768706)",2020-10-31
ground,VF,Murray,Reimer,MU02 ,MU02,NA,10,431611,5987921,44035,2020,1,"c(1127780.51119938, 1005282.91298595)",2020-07-23
ground,VF,Murray,Reimer,MU02 ,MU02,NA,10,431611,5987921,44069,2020,2,"c(1127780.51119938, 1005282.91298595)",2020-08-26
ground,VF,Murray,Reimer,MU02 ,MU02,NA,10,431611,5987921,44107,2020,3,"c(1127780.51119938, 1005282.91298595)",2020-10-03
ground,VF,Murray,Reimer,MU02 ,MU02,NA,10,431611,5987921,44135,2020,4,"c(1127780.51119938, 1005282.91298595)",2020-10-31
ground,VF,Murray,K. Bailey,MU03 ,MU03,NA,10,430396,5989157,44035,2020,1,"c(1126517.0616994, 1006470.13979083)",2020-07-23
ground,VF,Murray,K. Bailey,MU03 ,MU03,NA,10,430396,5989157,44068,2020,2,"c(1126517.0616994, 1006470.13979083)",2020-08-25
ground,VF,Murray,K. Bailey,MU03 ,MU03,NA,10,430396,5989157,44107,2020,3,"c(1126517.0616994, 1006470.13979083)",2020-10-03
ground,VF,Murray,K. Bailey,MU03 ,MU03,NA,10,430396,5989157,44135,2020,4,"c(1126517.0616994, 1006470.13979083)",2020-10-31
ground,VF,Murray,Elder Bailey/Elijah Wiens,MU04,MU04,NA,10,429988,5990069,44035,2020,1,"c(1126071.71401129, 1007366.83738112)",2020-07-23
ground,VF,Murray,Elder Bailey/Elijah Wiens,MU04,MU04,NA,10,429988,5990069,44068,2020,2,"c(1126071.71401129, 1007366.83738112)",2020-08-25
ground,VF,Murray,Elder Bailey/Elijah Wiens,MU04,MU04,NA,10,429988,5990069,44107,2020,3,"c(1126071.71401129, 1007366.83738112)",2020-10-03
ground,VF,Murray,Elder Bailey/Elijah Wiens,MU04,MU04,NA,10,429988,5990069,44135,2020,4,"c(1126071.71401129, 1007366.83738112)",2020-10-31
ground,VF,Murray,Andros,MU06 ,MU05,MU05,10,429780,5992667,44035,2020,1,"c(1125754.19007691, 1009961.66149606)",2020-07-23
ground,VF,Murray,Andros,MU06 ,MU05,MU05,10,429780,5992667,44068,2020,2,"c(1125754.19007691, 1009961.66149606)",2020-08-25
ground,VF,Murray,Andros,MU06 ,MU05,MU05,10,429780,5992667,44107,2020,3,"c(1125754.19007691, 1009961.66149606)",2020-10-03
ground,VF,Murray,Andros,MU06 ,MU05,MU05,10,429780,5992667,44135,2020,4,"c(1125754.19007691, 1009961.66149606)",2020-10-31
ground,VF,Murray,Top Hay,MU07 ,MU06,NA,10,430396,5993619,44035,2020,1,"c(1126327.78317589, 1010941.81942556)",2020-07-23
ground,VF,Murray,Top Hay,MU07 ,MU06,NA,10,430396,5993619,44068,2020,2,"c(1126327.78317589, 1010941.81942556)",2020-08-25
ground,VF,Murray,Top Hay,MU07 ,MU06,NA,10,430396,5993619,44107,2020,3,"c(1126327.78317589, 1010941.81942556)",2020-10-03
ground,VF,Murray,Top Hay,MU07 ,MU06,NA,10,430396,5993619,44135,2020,4,"c(1126327.78317589, 1010941.81942556)",2020-10-31
ground,VF,Murray,Upper Bailey,MU05,MU07,NA,10,430201,5990138,44035,2020,1,"c(1126281.08931995, 1007445.00772964)",2020-07-23
ground,VF,Murray,Upper Bailey,MU05,MU07,NA,10,430201,5990138,44068,2020,2,"c(1126281.08931995, 1007445.00772964)",2020-08-25
ground,VF,Murray,Upper Bailey,MU05,MU07,NA,10,430201,5990138,44107,2020,3,"c(1126281.08931995, 1007445.00772964)",2020-10-03
ground,VF,Murray,Upper Bailey,MU05,MU07,NA,10,430201,5990138,44135,2020,4,"c(1126281.08931995, 1007445.00772964)",2020-10-31
ground,VF,Murray,Silver,MU01,MU01,NA,10,433070,5987471,44376,2021,1,"c(1129253.82798501, 1004893.71768706)",2021-06-29
ground,VF,Murray,Silver,MU01,MU01,NA,10,433070,5987471,44398,2021,2,"c(1129253.82798501, 1004893.71768706)",2021-07-21
ground,VF,Murray,Silver,MU01,MU01,NA,10,433070,5987471,44432,2021,3,"c(1129253.82798501, 1004893.71768706)",2021-08-24
ground,VF,Murray,Reimer,MU02 ,MU02,NA,10,431611,5987921,44376,2021,1,"c(1127780.51119938, 1005282.91298595)",2021-06-29
ground,VF,Murray,Reimer,MU02 ,MU02,NA,10,431611,5987921,44398,2021,2,"c(1127780.51119938, 1005282.91298595)",2021-07-21
ground,VF,Murray,Reimer,MU02 ,MU02,NA,10,431611,5987921,45528,2021,3,"c(1127780.51119938, 1005282.91298595)",2024-08-24
ground,VF,Murray,K. Bailey,MU03 ,MU03,NA,10,430396,5989157,44376,2021,1,"c(1126517.0616994, 1006470.13979083)",2021-06-29
ground,VF,Murray,K. Bailey,MU03 ,MU03,NA,10,430396,5989157,44398,2021,2,"c(1126517.0616994, 1006470.13979083)",2021-07-21
ground,VF,Murray,K. Bailey,MU03 ,MU03,NA,10,430396,5989157,44432,2021,3,"c(1126517.0616994, 1006470.13979083)",2021-08-24
ground,VF,Murray,Elder Bailey/Elijah Wiens,MU04,MU04,NA,10,429988,5990069,44376,2021,1,"c(1126071.71401129, 1007366.83738112)",2021-06-29
ground,VF,Murray,Elder Bailey/Elijah Wiens,MU04,MU04,NA,10,429988,5990069,44398,2021,2,"c(1126071.71401129, 1007366.83738112)",2021-07-21
ground,VF,Murray,Elder Bailey/Elijah Wiens,MU04,MU04,NA,10,429988,5990069,44432,2021,3,"c(1126071.71401129, 1007366.83738112)",2021-08-24
ground,VF,Murray,Andros,MU05,MU05,NA,10,429780,5992667,44376,2021,1,"c(1125754.19007691, 1009961.66149606)",2021-06-29
ground,VF,Murray,Andros,MU05,MU05,NA,10,429780,5992667,44398,2021,2,"c(1125754.19007691, 1009961.66149606)",2021-07-21
ground,VF,Murray,Andros,MU05,MU05,NA,10,429780,5992667,44432,2021,3,"c(1125754.19007691, 1009961.66149606)",2021-08-24
ground,VF,Murray,Top Hay,MU06 ,MU06,MU06 ,10,430396,5993619,44376,2021,1,"c(1126327.78317589, 1010941.81942556)",2021-06-29
ground,VF,Murray,Top Hay,MU06 ,MU06,MU06 ,10,430396,5993619,44398,2021,2,"c(1126327.78317589, 1010941.81942556)",2021-07-21
ground,VF,Murray,Top Hay,MU06 ,MU06,MU06 ,10,430396,5993619,44432,2021,3,"c(1126327.78317589, 1010941.81942556)",2021-08-24
ground,VF,Murray,Silver,MU01,MU01,NA,10,433070,5987471,44756,2022,1,"c(1129253.82798501, 1004893.71768706)",2022-07-14
ground,VF,Murray,Silver,MU01,MU01,NA,10,433070,5987471,44791,2022,2,"c(1129253.82798501, 1004893.71768706)",2022-08-18
ground,VF,Murray,Silver,MU01,MU01,NA,10,433070,5987471,44828,2022,3,"c(1129253.82798501, 1004893.71768706)",2022-09-24
ground,VF,Murray,Reimer,MU02,MU02,NA,10,431611,5987921,44756,2022,1,"c(1127780.51119938, 1005282.91298595)",2022-07-14
ground,VF,Murray,Reimer,MU02,MU02,NA,10,431611,5987921,44791,2022,2,"c(1127780.51119938, 1005282.91298595)",2022-08-18
ground,VF,Murray,Reimer,MU02,MU02,NA,10,431611,5987921,44828,2022,3,"c(1127780.51119938, 1005282.91298595)",2022-09-24
ground,VF,Murray,K. Bailey,MU03,MU03,NA,10,430396,5989157,44756,2022,1,"c(1126517.0616994, 1006470.13979083)",2022-07-14
ground,VF,Murray,K. Bailey,MU03,MU03,NA,10,430396,5989157,44791,2022,2,"c(1126517.0616994, 1006470.13979083)",2022-08-18
ground,VF,Murray,K. Bailey,MU03,MU03,NA,10,430396,5989157,44828,2022,3,"c(1126517.0616994, 1006470.13979083)",2022-09-24
ground,VF,Murray,Elder Bailey/Elijah Wiens,MU04,MU04,NA,10,429998,5990060,44756,2022,1,"c(1126082.06300213, 1007358.24138713)",2022-07-14
ground,VF,Murray,Elder Bailey/Elijah Wiens,MU04,MU04,NA,10,429998,5990060,44791,2022,2,"c(1126082.06300213, 1007358.24138713)",2022-08-18
ground,VF,Murray,Elder Bailey/Elijah Wiens,MU04,MU04,NA,10,429998,5990060,44828,2022,3,"c(1126082.06300213, 1007358.24138713)",2022-09-24
ground,VF,Murray,Andros,MU05,MU05,NA,10,429998,5990060,44756,2022,1,"c(1126082.06300213, 1007358.24138713)",2022-07-14
ground,VF,Murray,Andros,MU05,MU05,NA,10,429780,5992667,44756,2022,1,"c(1125754.19007691, 1009961.66149606)",2022-07-14
ground,VF,Murray,Andros,MU05,MU05,NA,10,429780,5992667,44791,2022,2,"c(1125754.19007691, 1009961.66149606)",2022-08-18
ground,VF,Murray,Andros,MU05,MU05,NA,10,429780,5992667,44828,2022,3,"c(1125754.19007691, 1009961.66149606)",2022-09-24
ground,VF,Murray,Top Hay,MU06,MU06,MU06,10,430396,5993619,44756,2022,1,"c(1126327.78317589, 1010941.81942556)",2022-07-14
ground,VF,Murray,Top Hay,MU06,MU06,MU06,10,430396,5993619,44791,2022,2,"c(1126327.78317589, 1010941.81942556)",2022-08-18
ground,VF,Murray,Top Hay,MU06,MU06,MU06,10,430396,5993619,44828,2022,3,"c(1126327.78317589, 1010941.81942556)",2022-09-24
ground,VF,Murray,Silver,MU01,MU01,NA,10,433070,5987471,45106,2023,1,"c(1129253.82798501, 1004893.71768706)",2023-06-29
ground,VF,Murray,Silver,MU01,MU01,NA,10,433070,5987471,45133,2023,2,"c(1129253.82798501, 1004893.71768706)",2023-07-26
ground,VF,Murray,Silver,MU01,MU01,NA,10,433070,5987471,45168,2023,3,"c(1129253.82798501, 1004893.71768706)",2023-08-30
ground,VF,Murray,Reimer,MU02,MU02,NA,10,431611,5987921,45106,2023,1,"c(1127780.51119938, 1005282.91298595)",2023-06-29
ground,VF,Murray,Reimer,MU02,MU02,NA,10,431611,5987921,45133,2023,2,"c(1127780.51119938, 1005282.91298595)",2023-07-26
ground,VF,Murray,Reimer,MU02,MU02,NA,10,431611,5987921,45168,2023,3,"c(1127780.51119938, 1005282.91298595)",2023-08-30
ground,VF,Murray,K. Bailey,MU03,MU03,NA,10,430396,5989157,45106,2023,1,"c(1126517.0616994, 1006470.13979083)",2023-06-29
ground,VF,Murray,K. Bailey,MU03,MU03,NA,10,430396,5989157,45134,2023,2,"c(1126517.0616994, 1006470.13979083)",2023-07-27
ground,VF,Murray,K. Bailey,MU03,MU03,NA,10,430396,5989157,45168,2023,3,"c(1126517.0616994, 1006470.13979083)",2023-08-30
ground,VF,Murray,Elder Bailey/Elijah Wiens,MU04,MU04,NA,10,429998,5990060,45106,2023,1,"c(1126082.06300213, 1007358.24138713)",2023-06-29
ground,VF,Murray,Elder Bailey/Elijah Wiens,MU04,MU04,NA,10,429998,5990060,45134,2023,2,"c(1126082.06300213, 1007358.24138713)",2023-07-27
ground,VF,Murray,Elder Bailey/Elijah Wiens,MU04,MU04,NA,10,429998,5990060,45168,2023,3,"c(1126082.06300213, 1007358.24138713)",2023-08-30
ground,VF,Murray,Andros,MU05,MU05,NA,10,429780,5992667,45106,2023,1,"c(1125754.19007691, 1009961.66149606)",2023-06-29
ground,VF,Murray,Andros,MU05,MU05,NA,10,429780,5992667,45134,2023,2,"c(1125754.19007691, 1009961.66149606)",2023-07-27
ground,VF,Murray,Andros,MU05,MU05,NA,10,429780,5992667,45169,2023,3,"c(1125754.19007691, 1009961.66149606)",2023-08-31
ground,VF,Murray,Top Hay,MU06,MU06,MU06,10,430396,5993619,45106,2023,1,"c(1126327.78317589, 1010941.81942556)",2023-06-29
ground,VF,Murray,Top Hay,MU06,MU06,MU06,10,430396,5993619,45134,2023,2,"c(1126327.78317589, 1010941.81942556)",2023-07-27
ground,VF,Murray,Top Hay,MU06,MU06,MU06,10,430396,5993619,45169,2023,3,"c(1126327.78317589, 1010941.81942556)",2023-08-31
ground,VF,Murray,Upper Bailey,MU07,MU07,NA,10,430342,5990216,NA,2023,1,"c(1126418.31877752, 1007529.14832352)",NA
ground,VF,Murray,Upper Bailey,MU07,MU07,NA,10,430342,5990216,45134,2023,2,"c(1126418.31877752, 1007529.14832352)",2023-07-27
ground,VF,Murray,Upper Bailey,MU07,MU07,NA,10,430342,5990216,45168,2023,3,"c(1126418.31877752, 1007529.14832352)",2023-08-30
ground,VF,Murray,Alan Martens,MU09,MU09,NA,10,431764,5990794,NA,2023,1,"c(1127811.14293274, 1008168.62502585)",NA
ground,VF,Murray,Alan Martens,MU09,MU09,NA,10,431764,5990794,45134,2023,2,"c(1127811.14293274, 1008168.62502585)",2023-07-27
ground,VF,Murray,Alan Martens,MU09,MU09,NA,10,431764,5990794,45168,2023,3,"c(1127811.14293274, 1008168.62502585)",2023-08-30
ground,VF,Murray,Dale Martens,MU4.1,MU4.1,NA,10,429675,5990517,no sample,2023,1,"c(1125740.73666997, 1007802.55221505)",NA
ground,VF,Murray,Dale Martens,MU4.1,MU4.1,NA,10,429675,5990517,NA,2023,2,"c(1125740.73666997, 1007802.55221505)",NA
ground,VF,Murray,Dale Martens,MU4.1,MU4.1,NA,10,429675,5990517,45168,2023,3,"c(1125740.73666997, 1007802.55221505)",2023-08-30
ground,FSJ,Nahounli,Above ATV crossing,NH02,NH 03,NH 03,10,419204,6034047,44377,2021,1,"c(1113456.38536098, 1050983.15242835)",2021-06-30
ground,FSJ,Nahounli,Above ATV crossing,NH02,NH 03,NH 03,10,419204,6034047,44398,2021,2,"c(1113456.38536098, 1050983.15242835)",2021-07-21
ground,FSJ,Nahounli,Above ATV crossing,NH02,NH 03,NH 03,10,419204,6034047,44433,2021,3,"c(1113456.38536098, 1050983.15242835)",2021-08-25
ground,FSJ,Nahounli,Foot bridge,NH01 ,NH01,NH01 ,10,418397,6033853,44377,2021,1,"c(1112660.3135417, 1050754.47214434)",2021-06-30
ground,FSJ,Nahounli,Foot bridge,NH01 ,NH01,NH01 ,10,418397,6033853,no sample,2021,2,"c(1112660.3135417, 1050754.47214434)",NA
ground,FSJ,Nahounli,Foot bridge,NH01 ,NH01,NH01 ,10,418397,6033853,no sample,2021,3,"c(1112660.3135417, 1050754.47214434)",NA
ground,FSJ,Nahounli,Foot bridge,NH01,NH01,NA,10,418397,6033853,44761,2022,1,"c(1112660.3135417, 1050754.47214434)",2022-07-19
ground,FSJ,Nahounli,Foot bridge,NH01,NH01,NA,10,418397,6033853,44798,2022,2,"c(1112660.3135417, 1050754.47214434)",2022-08-25
ground,FSJ,Nahounli,Foot bridge,NH01,NH01,NA,10,418397,6033853,44819,2022,3,"c(1112660.3135417, 1050754.47214434)",2022-09-15
ground,FSJ,Necoslie,Old bridge,NC01,NC01,NC01,10,419849,6029785,44377,2021,1,"c(1114280.32016851, 1046739.28068289)",2021-06-30
ground,FSJ,Necoslie,Old bridge,NC01,NC01,NC01,10,419849,6029785,44398,2021,2,"c(1114280.32016851, 1046739.28068289)",2021-07-21
ground,FSJ,Necoslie,Old bridge,NC01,NC01,NC01,10,419849,6029785,44433,2021,3,"c(1114280.32016851, 1046739.28068289)",2021-08-25
ground,FSJ,Necoslie,Old bridge,NC01,NC01,NA,10,419327,6033951,44761,2022,1,"c(1113583.05538738, 1050892.16571252)",2022-07-19
ground,FSJ,Necoslie,Old bridge,NC01,NC01,NA,10,419327,6033951,44798,2022,2,"c(1113583.05538738, 1050892.16571252)",2022-08-25
ground,FSJ,Necoslie,Old bridge,NC01,NC01,NA,10,419327,6033951,44819,2022,3,"c(1113583.05538738, 1050892.16571252)",2022-09-15
ground,FF,Nine mile,Plunge pool below Settlement Rd,9M01,9M01,9M01,10,403904,5998764,44355,2021,1,"c(1099705.19980732, 1014975.17322007)",2021-06-08
ground,FF,Nine mile,Plunge pool below Settlement Rd,9M01,9M01,9M01,10,403904,5998764,44399,2021,2,"c(1099705.19980732, 1014975.17322007)",2021-07-22
ground,FF,Nine mile,Plunge pool below Settlement Rd,9M01,9M01,9M01,10,403904,5998764,44434,2021,3,"c(1099705.19980732, 1014975.17322007)",2021-08-26
ground,FF,Nine Mile,Plunge pool below Settlement Rd,9M01,9M01,9M01,10,403904,5998764,44763,2022,1,"c(1099705.19980732, 1014975.17322007)",2022-07-21
ground,FF,Nine Mile,Plunge pool below Settlement Rd,9M01,9M01,9M01,10,403904,5998764,44797,2022,2,"c(1099705.19980732, 1014975.17322007)",2022-08-24
ground,FF,Nine Mile,Plunge pool below Settlement Rd,9M01,9M01,9M01,10,403904,5998764,44831,2022,3,"c(1099705.19980732, 1014975.17322007)",2022-09-27
ground,FF,Nine Mile,Above settlement road,9M02,9M02,9M02,10,403905,5998788,No sample,2022,1,"c(1099705.17872074, 1014999.2665431)",NA
ground,FF,Nine Mile,Above settlement road,9M02,9M02,9M02,10,403905,5998788,44797,2022,2,"c(1099705.17872074, 1014999.2665431)",2022-08-24
ground,FF,Nine Mile,Above settlement road,9M02,9M02,9M02,10,403905,5998788,No sample,2022,3,"c(1099705.17872074, 1014999.2665431)",NA
riverboat,NKVF,Nine Mile,Near confluence with Nechako,NM01 (9M00),9M00,NA,10,406094,5996940,45120,2023,1,"c(1101965.24182023, 1013240.15172746)",2023-07-13
riverboat,NKVF,Nine Mile,Near confluence with Nechako,NM01 (9M00),9M00,NA,10,406094,5996940,no sample,2023,2,"c(1101965.24182023, 1013240.15172746)",NA
riverboat,NKVF,Nine Mile,Near confluence with Nechako,NM01 (9M00),9M00,NA,10,406094,5996940,"Aug 22,2023",2023,3,"c(1101965.24182023, 1013240.15172746)",NA
ground,FF,Nine Mile,Plunge pool below Settlement Rd,9M01,9M01,9M01,10,403904,5998764,45111,2023,1,"c(1099705.19980732, 1014975.17322007)",2023-07-04
ground,FF,Nine Mile,Plunge pool below Settlement Rd,9M01,9M01,9M01,10,403904,5998764,45132,2023,2,"c(1099705.19980732, 1014975.17322007)",2023-07-25
ground,FF,Nine Mile,Plunge pool below Settlement Rd,9M01,9M01,9M01,10,403904,5998764,45169,2023,3,"c(1099705.19980732, 1014975.17322007)",2023-08-31
ground,FF,Ormond,Above Stella Rd,OR01,OR01,OR01,10,385853,5995726,44355,2021,1,"c(1081843.63906706, 1011165.26484345)",2021-06-08
ground,FF,Ormond,Above Stella Rd,OR01,OR01,OR01,10,385853,5995726,44399,2021,2,"c(1081843.63906706, 1011165.26484345)",2021-07-22
ground,FF,Ormond,Above Stella Rd,OR01,OR01,OR01,10,385853,5995726,44434,2021,3,"c(1081843.63906706, 1011165.26484345)",2021-08-26
ground,FF,Ormond,Above Stella Rd,OR1,OR01,OR01,10,385853,5995726,44763,2022,1,"c(1081843.63906706, 1011165.26484345)",2022-07-21
ground,FF,Ormond,Above Stella Rd,OR1,OR01,OR01,10,385853,5995726,44797,2022,2,"c(1081843.63906706, 1011165.26484345)",2022-08-24
ground,FF,Ormond,Above Stella Rd,OR1,OR01,OR01,10,385853,5995726,44831,2022,3,"c(1081843.63906706, 1011165.26484345)",2022-09-27
ground,FF,Ormond,Above Stella Rd,OR1,OR1,OR01,10,385853,5995726,45111,2023,1,"c(1081843.63906706, 1011165.26484345)",2023-07-04
ground,FF,Ormond,Above Stella Rd,OR1,OR1,OR01,10,385853,5995726,45132,2023,2,"c(1081843.63906706, 1011165.26484345)",2023-07-25
ground,FF,Ormond,Above Stella Rd,OR1,OR1,OR01,10,385853,5995726,45169,2023,3,"c(1081843.63906706, 1011165.26484345)",2023-08-31
ground,END,Shovel (Endako trib),Shovel mainstem,SH00,SH00,NA,10,350362,6001464,45113,2023,1,"c(1046231.59143497, 1015408.30920232)",2023-07-06
ground,END,Shovel (Endako trib),Shovel mainstem,SH00,SH00,NA,10,350362,6001464,no sample,2023,2,"c(1046231.59143497, 1015408.30920232)",NA
ground,END,Shovel (Endako trib),Shovel mainstem,SH00,SH00,NA,10,350362,6001464,no sample,2023,3,"c(1046231.59143497, 1015408.30920232)",NA
ground,END,Shovel (Endako trib),Shovel mainstem,SH01,SH01,NA,10,350650,6001566,45113,2023,1,"c(1046514.26250618, 1015522.74370043)",2023-07-06
ground,END,Shovel (Endako trib),Shovel mainstem,SH01,SH01,NA,10,350650,6001566,no sample,2023,2,"c(1046514.26250618, 1015522.74370043)",NA
ground,END,Shovel (Endako trib),Shovel mainstem,SH01,SH01,NA,10,350650,6001566,no sample,2023,3,"c(1046514.26250618, 1015522.74370043)",NA
riverboat,NKPG,Sinkut,Near confluence with Nechako,SU01,SU00,n/a,10,444492,5981843,45119,2023,1,"c(1140877.37873029, 999737.002044546)",2023-07-12
riverboat,NKPG,Sinkut,Near confluence with Nechako,SU01,SU00,NA,10,444492,5981843,no sample,2023,2,"c(1140877.37873029, 999737.002044546)",NA
riverboat,NKPG,Sinkut,Near confluence with Nechako,SU01,SU00,NA,10,444492,5981843,45159,2023,3,"c(1140877.37873029, 999737.002044546)",2023-08-21
riverboat,NKUN,Smith,Near confluence with Nechako,SM01,SM00,NA,10,403154,5984618,45119,2023,1,"c(1099557.33589157, 1000767.47728042)",2023-07-12
riverboat,NKUN,Smith,Near confluence with Nechako,SM01,SM00,NA,10,403154,5984618,no sample,2023,2,"c(1099557.33589157, 1000767.47728042)",NA
riverboat,NKUN,Smith,Near confluence with Nechako,SM01,SM00,NA,10,403154,5984618,no sample,2023,3,"c(1099557.33589157, 1000767.47728042)",NA
ground,FSJ,Sowchea,Below bridge,SC01,SC01,SC01,10,401034,6026933,44377,2021,1,"c(1095649.3830111, 1043082.28194356)",2021-06-30
ground,FSJ,Sowchea,Below bridge,SC01,SC01,SC01,10,401034,6026933,no sample,2021,2,"c(1095649.3830111, 1043082.28194356)",NA
ground,FSJ,Sowchea,Below bridge,SC01,SC01,SC01,10,401034,6026933,44433,2021,3,"c(1095649.3830111, 1043082.28194356)",2021-08-25
ground,FSJ,Sowchea,Below bridge,SC01,SC01,SC01,10,401034,6026933,44761,2022,1,"c(1095649.3830111, 1043082.28194356)",2022-07-19
ground,FSJ,Sowchea,Below bridge,SC01,SC01,SC01,10,401034,6026933,44798,2022,2,"c(1095649.3830111, 1043082.28194356)",2022-08-25
ground,FSJ,Sowchea,Below bridge,SC01,SC01,SC01,10,401034,6026933,44819,2022,3,"c(1095649.3830111, 1043082.28194356)",2022-09-15
ground,VF,Stoney,Stoney foot br,ST01 ,ST01 ,ST01 ,10,433075,5985805,44375,2021,1,"c(1129329.47575361, 1003224.31625425)",2021-06-28
ground,VF,Stoney,Stoney foot br,ST01 ,ST01 ,ST01 ,10,433075,5985805,44398,2021,2,"c(1129329.47575361, 1003224.31625425)",2021-07-21
ground,VF,Stoney,Stoney foot br,ST01 ,ST01 ,ST01 ,10,433075,5985805,44432,2021,3,"c(1129329.47575361, 1003224.31625425)",2021-08-24
ground,UN,Swanson,Airfield,SW01,SW01,SW 0.5,10,385733,5954098,44033,2020,1,"c(1083485.80793904, 969447.001509018)",2020-07-21
ground,UN,Swanson,Airfield,SW01,SW01,SW 0.5,10,385733,5954098,44071,2020,2,"c(1083485.80793904, 969447.001509018)",2020-08-28
ground,UN,Swanson,Just below KDR,SW01,SW01,SW 0.5,10,385733,5954098,44110,2020,3,"c(1083485.80793904, 969447.001509018)",2020-10-06
ground,UN,Swanson,Airfield,SW01,SW01,SW 0.5,10,385733,5954098,44138,2020,4,"c(1083485.80793904, 969447.001509018)",2020-11-03
ground,UN,Swanson,Walkin site,SW01,SW01,SW01,10,385733,5954098,44357,2021,1,"c(1083485.80793904, 969447.001509018)",2021-06-10
ground,UN,Swanson,Walkin site,SW01,SW01,SW01,10,385733,5954098,no sample,2021,2,"c(1083485.80793904, 969447.001509018)",NA
ground,UN,Swanson,Walkin site,SW01,SW01,SW01,10,385733,5954098,44425,2021,3,"c(1083485.80793904, 969447.001509018)",2021-08-17
ground,UN,Swanson,Above KDR,SW02,SW02,SW02,10,386635,5953534,44357,2021,1,"c(1084408.65654261, 968920.018080176)",2021-06-10
ground,UN,Swanson,Above KDR,SW02,SW02,SW02,10,386635,5953534,no sample,2021,2,"c(1084408.65654261, 968920.018080176)",NA
ground,UN,Swanson,Above KDR,SW02,SW02,SW02,10,386635,5953534,44425,2021,3,"c(1084408.65654261, 968920.018080176)",2021-08-17
ground,UN,Swanson,Walkin site,SW01,SW01,SW01,10,385733,5954098,44741,2022,1,"c(1083485.80793904, 969447.001509018)",2022-06-29
ground,UN,Swanson,Walkin site,SW01,SW01,SW01,10,385733,5954098,no sample,2022,2,"c(1083485.80793904, 969447.001509018)",NA
ground,UN,Swanson,Walkin site,SW01,SW01,SW01,10,385733,5954098,44823,2022,3,"c(1083485.80793904, 969447.001509018)",2022-09-19
ground,UN,Swanson,Above KDR,SW02,SW02,SW01,10,386635,5953534,44741,2022,1,"c(1084408.65654261, 968920.018080176)",2022-06-29
ground,UN,Swanson,Above KDR,SW02,SW02,SW02,10,386635,5953534,no sample,2022,2,"c(1084408.65654261, 968920.018080176)",NA
ground,UN,Swanson,Above KDR,SW02,SW02,SW02,10,386635,5953534,44823,2022,3,"c(1084408.65654261, 968920.018080176)",2022-09-19
ground,UN,Swanson,Walkin site,SW01,SW01,SW01,10,385733,5954098,45119,2023,1,"c(1083485.80793904, 969447.001509018)",2023-07-12
ground,UN,Swanson,Walkin site,SW01,SW01,SW01,10,385733,5954098,45148,2023,2,"c(1083485.80793904, 969447.001509018)",2023-08-10
ground,UN,Swanson,Walkin site,SW01,SW01,SW01,10,385733,5954098,45178,2023,3,"c(1083485.80793904, 969447.001509018)",2023-09-09
ground,UN,Swanson,Above KDR,SW02,SW02,SW02,10,386635,5953534,45119,2023,1,"c(1084408.65654261, 968920.018080176)",2023-07-12
ground,UN,Swanson,Above KDR,SW02,SW02,SW02,10,386635,5953534,45148,2023,2,"c(1084408.65654261, 968920.018080176)",2023-08-10
ground,UN,Swanson,Above KDR,SW02,SW02,SW02,10,386635,5953534,45178,2023,3,"c(1084408.65654261, 968920.018080176)",2023-09-09
ground,UN,Sweden,Near confluence with Nechako,SN01,SN00,n/a,10,495761,5967050,45119,2023,1,"c(1192609.88754093, 987079.929202209)",2023-07-12
riverboat,NKPG,Sweden,Near confluence with Nechako,SN01,SN00,NA,10,495761,5967050,no sample,2023,2,"c(1192609.88754093, 987079.929202209)",NA
riverboat,NKPG,Sweden,Near confluence with Nechako,SN01,SN00,NA,10,495761,5967050,45159,2023,3,"c(1192609.88754093, 987079.929202209)",2023-08-21
riverboat,NKUN,Tahultzu,Near confluence with Nechako,TU01,TU00,NA,10,402847,5975968,45119,2023,1,"c(1099617.78398248, 992086.307137468)",2023-07-12
riverboat,NKUN,Tahultzu,Near confluence with Nechako,TU01,TU00,NA,10,402847,5975968,no sample,2023,2,"c(1099617.78398248, 992086.307137468)",NA
riverboat,NKUN,Tahultzu,Near confluence with Nechako,TU01,TU00,NA,10,402847,5975968,45160,2023,3,"c(1099617.78398248, 992086.307137468)",2023-08-22
riverboat,NKUN,Targe,Near confluence with Nechako,TE01,TE00,NA,10,386257,5955562,45120,2023,1,"c(1083946.19145288, 970936.118500475)",2023-07-13
riverboat,NKUN,Targe,Near confluence with Nechako,TE01,TE00,NA,10,386257,5955562,45153,2023,2,"c(1083946.19145288, 970936.118500475)",2023-08-15
riverboat,NKUN,Targe,Near confluence with Nechako,TE01,TE00,NA,10,386257,5955562,no sample,2023,3,"c(1083946.19145288, 970936.118500475)",NA
riverboat,NKPG,Tatentelichick,Near confluence with Nechako,TK01,TK00,n/a,10,494203,5968686,45119,2023,1,"c(1190987.33902874, 988653.662247062)",2023-07-12
riverboat,NKPG,Tatentelichick,Near confluence with Nechako,TK01,TK00,NA,10,494203,5968686,no sample,2023,2,"c(1190987.33902874, 988653.662247062)",NA
riverboat,NKPG,Tatentelichick,Near confluence with Nechako,TK01,TK00,NA,10,494203,5968686,45159,2023,3,"c(1190987.33902874, 988653.662247062)",2023-08-21
riverboat,NKVF,Tatsutani,Near confluence with Nechako,TC00,TC00,NA,10,401699,5996610,no sample,2023,1,"c(1097598.90062105, 1012723.11746153)",NA
riverboat,NKVF,Tatsutani,Near confluence with Nechako,TC00,TC00,NA,10,401699,5996610,no sample,2023,2,"c(1097598.90062105, 1012723.11746153)",NA
riverboat,NKVF,Tatsutani,Near confluence with Nechako,TC00,TC00,NA,10,401699,5996610,45160,2023,3,"c(1097598.90062105, 1012723.11746153)",2023-08-22
ground,FF,Tatsutani,At bridge,TA01,TC01,NA,10,401603,5997232,45111,2023,1,"c(1097476.84906497, 1013342.36237789)",2023-07-04
ground,FF,Tatsutani,At bridge,TA01,TC01,NA,10,401603,5997232,45132,2023,2,"c(1097476.84906497, 1013342.36237789)",2023-07-25
ground,FF,Tatsutani,At bridge,TC01,TC01,NA,10,401603,5997232,45169,2023,3,"c(1097476.84906497, 1013342.36237789)",2023-08-31
ground,FF,Tatsutnai,At bridge,TC01,TC01,NA,10,401619,5997219,44355,2021,1,"c(1097493.34677954, 1013330.01330107)",2021-06-08
ground,FF,Tatsutnai,At bridge,TC01,TC01,NA,10,401619,5997219,44399,2021,2,"c(1097493.34677954, 1013330.01330107)",2021-07-22
ground,FF,Tatsutnai,At bridge,TC01,TC01,NA,10,401619,5997219,44434,2021,3,"c(1097493.34677954, 1013330.01330107)",2021-08-26
ground,FF,Tatsutnai,At bridge,TC01,TC01,NA,10,401619,5997219,44763,2022,1,"c(1097493.34677954, 1013330.01330107)",2022-07-21
ground,FF,Tatsutnai,At bridge,TC01,TC01,NA,10,401619,5997219,44797,2022,2,"c(1097493.34677954, 1013330.01330107)",2022-08-24
ground,FF,Tatsutnai,At bridge,TC01,TC01,NA,10,401619,5997219,44831,2022,3,"c(1097493.34677954, 1013330.01330107)",2022-09-27
ground,END,Tchesinkut,Near confluence with Nechako,TH01,TH01,NA,10,352696,5996920,no sample,2023,1,"c(1048749.88204923, 1010954.52173587)",NA
ground,END,Tchesinkut,Near confluence with Nechako,TH01,TH01,NA,10,352696,5996920,45153,2023,2,"c(1048749.88204923, 1010954.52173587)",2023-08-15
ground,END,Tchesinkut,Near confluence with Nechako,TH01,TH01,NA,10,352696,5996920,no sample,2023,3,"c(1048749.88204923, 1010954.52173587)",NA
ground,UN,Twin,Did we sample above AND below culverts?,TW01 ,TW01,NA,10,378259,5950126,44033,2020,1,"c(1076204.45177821, 965150.957907155)",2020-07-21
ground,UN,Twin,Did we sample above AND below culverts?,TW01 ,TW01,NA,10,378259,5950126,44071,2020,2,"c(1076204.45177821, 965150.957907155)",2020-08-28
ground,UN,Twin,Did we sample above AND below culverts?,TW01 ,TW01,NA,10,378259,5950126,44110,2020,3,"c(1076204.45177821, 965150.957907155)",2020-10-06
ground,UN,Twin,Did we sample above AND below culverts?,TW01 ,TW01,NA,10,378259,5950126,44138,2020,4,"c(1076204.45177821, 965150.957907155)",2020-11-03
ground,UN,Twin,Below bridge,TW 01,TW00,TW0.5,10,378255,5950128,44357,2021,1,"c(1076200.38061378, 965152.792723244)",2021-06-10
ground,UN,Twin,NA,TW 01,TW00,TW 0.5,10,378255,5950128,No sample,2021,2,"c(1076200.38061378, 965152.792723244)",NA
ground,UN,Twin,NA,TW 01,TW00,TW 0.5,10,378255,5950128,No sample,2021,3,"c(1076200.38061378, 965152.792723244)",NA
ground,UN,Twin,Above bridge,TW 02,TW01,TW01,10,378370,5949345,44357,2021,1,"c(1076348.06899693, 964373.10245838)",2021-06-10
ground,UN,Twin,NA,TW 02,TW01,TW 01,10,378370,5949345,No sample,2021,2,"c(1076348.06899693, 964373.10245838)",NA
ground,UN,Twin,Above bridge,TW 02,TW01,TW01,10,378262,5950094,44425,2021,3,"c(1076208.79338459, 965119.021273349)",2021-08-17
ground,UN,Twin,Canyon,TW 03,TW02,NA,10,378370,5949345,No sample,2021,1,"c(1076348.06899693, 964373.10245838)",NA
ground,UN,Twin,Canyon,TW 03,TW02,NA,10,378370,5949345,No sample,2021,2,"c(1076348.06899693, 964373.10245838)",NA
ground,UN,Twin,Canyon,TW 03,TW02,TW02,10,378370,5949345,44425,2021,3,"c(1076348.06899693, 964373.10245838)",2021-08-17
ground,UN,Twin,Above KDR,TW 04,TW03,NA,10,378175,5948449,44357,2021,1,"c(1076191.5586674, 963467.081166183)",2021-06-10
ground,UN,Twin,Above KDR,TW 04,TW03,NA,10,378175,5948449,No sample,2021,2,"c(1076191.5586674, 963467.081166183)",NA
ground,UN,Twin,Above KDR,TW 04,TW03,NA,10,378175,5948449,No sample,2021,3,"c(1076191.5586674, 963467.081166183)",NA
ground,UN,Twin,Below bridge,TW01,TW00,NA,10,378259,5950126,44741,2022,1,"c(1076204.45177821, 965150.957907155)",2022-06-29
ground,UN,Twin,Below bridge,TW01,TW00,NA,10,378259,5950126,No sample,2022,2,"c(1076204.45177821, 965150.957907155)",NA
ground,UN,Twin,Above bridge,TW02,TW01,NA,10,378262,5950094,44741,2022,1,"c(1076208.79338459, 965119.021273349)",2022-06-29
ground,UN,Twin,Above bridge,TW02,TW01,NA,10,378262,5950094,No sample,2022,2,"c(1076208.79338459, 965119.021273349)",NA
ground,UN,Twin,Above bridge,TW01,TW01,NA,10,378262,5950094,44823,2022,3,"c(1076208.79338459, 965119.021273349)",2022-09-19
ground,UN,Twin,Above bridge,TW02,TW01,NA,10,378262,5950094,No sample,2022,3,"c(1076208.79338459, 965119.021273349)",NA
ground,UN,Twin,Below Kenny Dam Road,TW03,TW03,NA,10,378173,5948497,44741,2022,1,"c(1076187.53816996, 963515.091678644)",2022-06-29
ground,UN,Twin,Below Kenny Dam Road,TW03,TW03,NA,10,378173,5948497,No sample,2022,2,"c(1076187.53816996, 963515.091678644)",NA
ground,UN,Twin,Below Kenny Dam Road,TW03,TW03,NA,10,378173,5948497,No sample,2022,3,"c(1076187.53816996, 963515.091678644)",NA
ground,UN,Twin,Below bridge,TW02,TW00,NA,10,378259,5950126,45119,2023,1,"c(1076204.45177821, 965150.957907155)",2023-07-12
ground,UN,Twin,Below bridge,TW02,TW00,TW02,10,378259,5950126,45148,2023,2,"c(1076204.45177821, 965150.957907155)",2023-08-10
ground,UN,Twin,Below bridge,TW02,TW00,NA,10,378259,5950126,No sample,2023,3,"c(1076204.45177821, 965150.957907155)",NA
ground,UN,Twin,Above bridge,TW01,TW01,NA,10,378262,5950094,45119,2023,1,"c(1076208.79338459, 965119.021273349)",2023-07-12
ground,UN,Twin,Above bridge,TW01,TW01,TW01,10,378262,5950094,45148,2023,2,"c(1076208.79338459, 965119.021273349)",2023-08-10
ground,UN,Twin,Above bridge,TW01,TW01,TW02,10,378262,5950094,45178,2023,3,"c(1076208.79338459, 965119.021273349)",2023-09-09
ground,UN,Twin,Above bridge,TW01,TW01,TW02,10,378262,5950094,45177,2023,3,"c(1076208.79338459, 965119.021273349)",2023-09-08
riverboat,NKPG,Zelkwas,Near confluence with Nechako,ZK01,ZK00,n/a,10,484461,5973628,45119,2023,1,"c(1181066.49364002, 993194.680919294)",2023-07-12
riverboat,NKPG,Zelkwas,Near confluence with Nechako,ZK01,ZK00,NA,10,484461,5973628,no sample,2023,2,"c(1181066.49364002, 993194.680919294)",NA
riverboat,NKPG,Zelkwas,Near confluence with Nechako,ZK01,ZK00,NA,10,484461,5973628,45159,2023,3,"c(1181066.49364002, 993194.680919294)",2023-08-21
